Id,Delivery_Id,Services,P_Sevice,D_Forecast,D_Date,Status
1,D0001,Scheduled,39.09,2024-05-13,2024-05-12,Entregue
2,D0002,Same-Day,33.19,2024-09-27,2024-09-27,Entregue
3,D0003,Same-Day,17.03,2024-01-13,2024-01-13,Entregue
4,D0004,Standard,15.2,2024-08-17,2024-08-17,Entregue
5,D0005,Same-Day,20.94,2024-07-22,2024-07-22,Entregue
6,D0006,Same-Day,15.24,2024-07-03,2024-07-01,Entregue
7,D0007,Standard,25.45,2024-10-14,2024-10-15,Entregue
8,D0008,Scheduled,39.95,2024-01-30,2024-01-29,Entregue
9,D0009,Same-Day,38.05,2024-06-16,2024-06-16,Entregue
10,D0010,Standard,36.54,2024-08-20,2024-08-22,Entregue
11,D0011,Scheduled,37.97,2024-01-18,2024-01-21,Entregue
12,D0012,Same-Day,47.59,2024-06-20,2024-06-18,Entregue
13,D0013,Same-Day,57.93,2024-01-05,2024-01-05,Entregue
14,D0014,Standard,48.22,2024-10-17,2024-10-17,Entregue
15,D0015,Standard,24.51,2024-06-20,2024-06-20,Entregue
16,D0016,Scheduled,49.81,2024-09-22,2024-09-25,Entregue
17,D0017,Scheduled,32.71,2024-05-10,2024-05-13,Entregue
18,D0018,Same-Day,21.5,2024-01-29,2024-01-28,Entregue
19,D0019,Standard,32.35,2024-08-24,2024-08-24,Entregue
20,D0020,Same-Day,37.94,2024-06-06,2024-06-08,Entregue
21,D0021,Scheduled,67.15,2024-09-03,2024-09-04,Entregue
22,D0022,Scheduled,22.48,2024-06-23,2024-06-26,Entregue
23,D0023,Scheduled,74.04,2024-04-06,2024-04-08,Entregue
24,D0024,Scheduled,28.95,2024-10-06,2024-10-06,Entregue
25,D0025,Scheduled,64.08,2024-02-06,2024-02-06,Entregue
26,D0026,Standard,28.99,2024-10-04,2024-10-03,Entregue
27,D0027,Scheduled,86.23,2024-02-14,2024-02-17,Entregue
28,D0028,Scheduled,34.47,2024-08-11,2024-08-14,Entregue
29,D0029,Same-Day,33.64,2024-01-21,2024-01-21,Entregue
30,D0030,Standard,42.84,2024-02-20,2024-02-23,Entregue
31,D0031,Standard,12.1,2024-10-25,2024-10-26,Entregue
32,D0032,Standard,58.46,2024-04-23,2024-04-23,Entregue
33,D0033,Same-Day,39.17,2024-11-10,2024-11-13,Entregue
34,D0034,Standard,27.62,2024-07-21,2024-07-20,Entregue
35,D0035,Same-Day,13.8,2024-06-20,2024-06-21,Entregue
36,D0036,Scheduled,42.16,2024-09-08,2024-09-07,Entregue
37,D0037,Same-Day,23.73,2024-08-14,2024-08-16,Entregue
38,D0038,Same-Day,17.33,2024-05-19,2024-05-18,Entregue
39,D0039,Scheduled,28.2,2024-09-20,2024-09-20,Entregue
40,D0040,Same-Day,40.09,2024-10-13,2024-10-13,Entregue
41,D0041,Standard,41.49,2024-03-05,2024-03-07,Entregue
42,D0042,Same-Day,33.4,2024-03-29,2024-03-31,Entregue
43,D0043,Same-Day,45.69,2024-09-28,2024-09-28,Entregue
44,D0044,Standard,16.82,2024-01-11,2024-01-11,Entregue
45,D0045,Scheduled,19.8,2024-11-10,2024-11-10,Entregue
46,D0046,Standard,22.02,2024-06-05,2024-06-04,Entregue
47,D0047,Same-Day,17.51,2024-04-23,2024-04-23,Entregue
48,D0048,Same-Day,54.6,2024-02-17,2024-02-17,Entregue
49,D0049,Standard,12.55,2024-09-20,2024-09-20,Entregue
50,D0050,Standard,25.7,2024-10-11,2024-10-13,Entregue
51,D0051,Scheduled,53.63,2024-01-11,2024-01-11,Entregue
52,D0052,Standard,51.72,2024-05-21,2024-05-22,Entregue
53,D0053,Same-Day,53.82,2024-08-29,2024-08-28,Entregue
54,D0054,Scheduled,62.22,2024-02-24,2024-02-27,Entregue
55,D0055,Standard,37.96,2024-07-19,2024-07-20,Entregue
56,D0056,Same-Day,35.82,2024-11-22,2024-11-21,Entregue
57,D0057,Same-Day,31.06,2024-08-09,2024-08-12,Entregue
58,D0058,Scheduled,71.9,2024-01-26,2024-01-26,Entregue
59,D0059,Standard,58.32,2024-11-18,2024-11-17,Entregue
60,D0060,Scheduled,87.93,2024-04-11,2024-04-12,Entregue
61,D0061,Standard,27.12,2024-04-26,2024-04-29,Entregue
62,D0062,Scheduled,25.31,2024-10-29,2024-10-29,Entregue
63,D0063,Standard,12.9,2024-02-28,2024-03-02,Entregue
64,D0064,Same-Day,47.07,2024-11-08,2024-11-06,Entregue
65,D0065,Same-Day,13.15,2024-09-13,2024-09-16,Entregue
66,D0066,Standard,47.21,2024-08-04,2024-08-04,Entregue
67,D0067,Scheduled,32.02,2024-05-22,2024-05-22,Entregue
68,D0068,Standard,46.88,2024-05-21,2024-05-20,Entregue
69,D0069,Scheduled,82.66,2024-03-15,2024-03-17,Entregue
70,D0070,Scheduled,60.3,2024-01-19,2024-01-19,Entregue
71,D0071,Standard,40.06,2024-01-19,2024-01-19,Entregue
72,D0072,Scheduled,80.69,2024-05-10,2024-05-10,Entregue
73,D0073,Same-Day,20.68,2024-02-26,2024-02-25,Entregue
74,D0074,Standard,25.71,2024-11-23,2024-11-23,Entregue
75,D0075,Standard,31.37,2024-06-19,2024-06-20,Entregue
76,D0076,Standard,51.52,2024-05-08,2024-05-09,Entregue
77,D0077,Same-Day,26.3,2024-08-08,2024-08-06,Entregue
78,D0078,Same-Day,43.28,2024-07-30,2024-07-30,Entregue
79,D0079,Same-Day,32.68,2024-04-15,2024-04-13,Entregue
80,D0080,Standard,41.14,2024-08-31,2024-09-03,Entregue
81,D0081,Standard,46.26,2024-02-23,2024-02-23,Entregue
82,D0082,Scheduled,62.88,2024-08-12,2024-08-14,Entregue
83,D0083,Same-Day,52.58,2024-07-28,2024-07-28,Entregue
84,D0084,Standard,12.61,2024-05-27,2024-05-25,Entregue
85,D0085,Scheduled,17.65,2024-06-24,2024-06-27,Entregue
86,D0086,Standard,32.57,2024-09-11,2024-09-11,Entregue
87,D0087,Standard,44.33,2024-09-22,2024-09-22,Entregue
88,D0088,Standard,24.78,2024-01-10,2024-01-09,Entregue
89,D0089,Standard,56.32,2024-01-12,2024-01-13,Entregue
90,D0090,Standard,38.51,2024-11-11,2024-11-12,Entregue
91,D0091,Same-Day,48.46,2024-08-04,2024-08-07,Entregue
92,D0092,Scheduled,53.91,2024-11-24,2024-11-25,Entregue
93,D0093,Same-Day,22.83,2024-03-29,2024-03-29,Entregue
94,D0094,Standard,40.46,2024-10-17,2024-10-15,Entregue
95,D0095,Same-Day,38.86,2024-04-23,2024-04-24,Entregue
96,D0096,Same-Day,33.16,2024-04-20,2024-04-22,Entregue
97,D0097,Same-Day,45.52,2024-03-30,2024-03-30,Entregue
98,D0098,Standard,49.14,2024-08-27,2024-08-27,Entregue
99,D0099,Same-Day,51.09,2024-08-23,2024-08-25,Entregue
100,D0100,Same-Day,40.18,2024-05-16,2024-05-18,Entregue
101,D0101,Same-Day,52.05,2024-02-19,2024-02-22,Entregue
102,D0102,Standard,39.14,2024-03-19,2024-03-19,Entregue
103,D0103,Scheduled,63.59,2024-03-19,2024-03-17,Entregue
104,D0104,Standard,58.84,2024-03-12,2024-03-15,Entregue
105,D0105,Same-Day,57.05,2024-07-09,2024-07-09,Entregue
106,D0106,Standard,55.76,2024-06-17,2024-06-15,Entregue
107,D0107,Scheduled,15.99,2024-10-04,2024-10-03,Entregue
108,D0108,Same-Day,57.9,2024-05-09,2024-05-07,Entregue
109,D0109,Standard,55.8,2024-03-23,2024-03-23,Entregue
110,D0110,Standard,53.26,2024-05-26,2024-05-26,Entregue
111,D0111,Scheduled,19.34,2024-11-22,2024-11-22,Entregue
112,D0112,Standard,28.87,2024-08-09,2024-08-08,Entregue
113,D0113,Scheduled,16.41,2024-09-26,2024-09-26,Entregue
114,D0114,Scheduled,26.45,2024-09-05,2024-09-03,Entregue
115,D0115,Standard,12.71,2024-03-23,2024-03-23,Entregue
116,D0116,Same-Day,24.84,2024-01-15,2024-01-15,Entregue
117,D0117,Same-Day,54.81,2024-06-11,2024-06-11,Entregue
118,D0118,Same-Day,35.27,2024-10-29,2024-10-29,Entregue
119,D0119,Same-Day,12.35,2024-10-23,2024-10-23,Entregue
120,D0120,Scheduled,21.56,2024-05-19,2024-05-19,Entregue
121,D0121,Scheduled,55.0,2024-08-24,2024-08-24,Entregue
122,D0122,Scheduled,45.5,2024-06-10,2024-06-11,Entregue
123,D0123,Same-Day,11.23,2024-07-02,2024-07-05,Entregue
124,D0124,Standard,26.07,2024-05-12,2024-05-12,Entregue
125,D0125,Scheduled,53.95,2024-08-26,2024-08-29,Entregue
126,D0126,Same-Day,27.48,2024-10-07,2024-10-05,Entregue
127,D0127,Same-Day,15.97,2024-10-20,2024-10-20,Entregue
128,D0128,Scheduled,30.7,2024-01-28,2024-01-28,Entregue
129,D0129,Same-Day,26.76,2024-10-04,2024-10-05,Entregue
130,D0130,Scheduled,89.25,2024-01-06,2024-01-05,Entregue
131,D0131,Scheduled,86.68,2024-10-26,2024-10-26,Entregue
132,D0132,Standard,33.33,2024-11-16,2024-11-19,Entregue
133,D0133,Scheduled,22.93,2024-08-14,2024-08-14,Entregue
134,D0134,Scheduled,87.75,2024-11-13,2024-11-13,Entregue
135,D0135,Standard,12.72,2024-07-25,2024-07-23,Entregue
136,D0136,Same-Day,54.54,2024-05-12,2024-05-12,Entregue
137,D0137,Same-Day,30.77,2024-08-04,2024-08-03,Entregue
138,D0138,Same-Day,18.88,2024-11-12,2024-11-13,Entregue
139,D0139,Standard,54.58,2024-05-10,2024-05-12,Entregue
140,D0140,Standard,19.37,2024-10-14,2024-10-14,Entregue
141,D0141,Scheduled,86.31,2024-03-22,2024-03-22,Entregue
142,D0142,Scheduled,67.83,2024-09-30,2024-10-03,Entregue
143,D0143,Standard,19.95,2024-02-08,2024-02-10,Entregue
144,D0144,Scheduled,36.15,2024-09-09,2024-09-08,Entregue
145,D0145,Same-Day,41.19,2024-06-05,2024-06-05,Entregue
146,D0146,Same-Day,24.54,2024-08-02,2024-08-03,Entregue
147,D0147,Standard,56.67,2024-07-25,2024-07-24,Entregue
148,D0148,Standard,58.63,2024-07-23,2024-07-24,Entregue
149,D0149,Same-Day,51.23,2024-04-04,2024-04-05,Entregue
150,D0150,Same-Day,36.55,2024-02-15,2024-02-16,Entregue
151,D0151,Scheduled,44.98,2024-08-13,2024-08-11,Entregue
152,D0152,Same-Day,51.27,2024-04-20,2024-04-18,Entregue
153,D0153,Same-Day,16.08,2024-08-08,2024-08-08,Entregue
154,D0154,Same-Day,38.22,2024-07-04,2024-07-07,Entregue
155,D0155,Same-Day,22.96,2024-11-23,2024-11-21,Entregue
156,D0156,Scheduled,67.19,2024-09-28,2024-09-28,Entregue
157,D0157,Standard,27.39,2024-08-04,2024-08-04,Entregue
158,D0158,Scheduled,16.07,2024-06-21,2024-06-19,Entregue
159,D0159,Standard,41.66,2024-11-19,2024-11-18,Entregue
160,D0160,Standard,55.1,2024-01-28,2024-01-26,Entregue
161,D0161,Standard,25.74,2024-08-06,2024-08-05,Entregue
162,D0162,Same-Day,46.79,2024-04-30,2024-04-29,Entregue
163,D0163,Same-Day,17.39,2024-08-11,2024-08-10,Entregue
164,D0164,Scheduled,38.89,2024-01-31,2024-02-03,Entregue
165,D0165,Standard,39.75,2024-10-01,2024-10-04,Entregue
166,D0166,Scheduled,50.24,2024-05-22,2024-05-22,Entregue
167,D0167,Scheduled,37.26,2024-06-07,2024-06-07,Entregue
168,D0168,Standard,52.64,2024-08-20,2024-08-20,Entregue
169,D0169,Standard,57.6,2024-01-15,2024-01-17,Entregue
170,D0170,Scheduled,60.99,2024-06-26,2024-06-25,Entregue
171,D0171,Standard,15.26,2024-02-05,2024-02-05,Entregue
172,D0172,Standard,34.42,2024-04-03,2024-04-03,Entregue
173,D0173,Same-Day,31.97,2024-10-23,2024-10-21,Entregue
174,D0174,Scheduled,67.52,2024-09-01,2024-09-04,Entregue
175,D0175,Standard,50.69,2024-04-29,2024-04-29,Entregue
176,D0176,Same-Day,52.07,2024-02-10,2024-02-09,Entregue
177,D0177,Standard,50.03,2024-07-30,2024-07-30,Entregue
178,D0178,Standard,15.81,2024-03-07,2024-03-08,Entregue
179,D0179,Same-Day,21.89,2024-09-14,2024-09-14,Entregue
180,D0180,Same-Day,16.1,2024-11-22,2024-11-25,Entregue
181,D0181,Same-Day,49.7,2024-06-05,2024-06-05,Entregue
182,D0182,Same-Day,28.53,2024-04-20,2024-04-19,Entregue
183,D0183,Standard,48.97,2024-05-15,2024-05-13,Entregue
184,D0184,Scheduled,26.39,2024-03-18,2024-03-18,Entregue
185,D0185,Standard,39.16,2024-06-24,2024-06-26,Entregue
186,D0186,Scheduled,77.95,2024-01-27,2024-01-27,Entregue
187,D0187,Same-Day,42.35,2024-01-15,2024-01-15,Entregue
188,D0188,Standard,30.82,2024-02-17,2024-02-18,Entregue
189,D0189,Standard,39.13,2024-04-30,2024-05-03,Entregue
190,D0190,Same-Day,14.18,2024-08-22,2024-08-22,Entregue
191,D0191,Same-Day,38.82,2024-10-25,2024-10-25,Entregue
192,D0192,Standard,23.36,2024-01-11,2024-01-11,Entregue
193,D0193,Same-Day,49.28,2024-01-16,2024-01-16,Entregue
194,D0194,Same-Day,14.2,2024-07-10,2024-07-10,Entregue
195,D0195,Scheduled,17.98,2024-09-12,2024-09-14,Entregue
196,D0196,Scheduled,49.87,2024-06-23,2024-06-25,Entregue
197,D0197,Scheduled,28.51,2024-08-06,2024-08-09,Entregue
198,D0198,Same-Day,33.76,2024-08-30,2024-08-30,Entregue
199,D0199,Standard,20.44,2024-05-05,2024-05-07,Entregue
200,D0200,Same-Day,22.73,2024-06-18,2024-06-17,Entregue
201,D0201,Same-Day,24.89,2024-02-24,2024-02-27,Entregue
202,D0202,Scheduled,51.08,2024-10-05,2024-10-03,Entregue
203,D0203,Same-Day,58.97,2024-10-18,2024-10-19,Entregue
204,D0204,Same-Day,29.16,2024-01-24,2024-01-22,Entregue
205,D0205,Standard,29.36,2024-04-26,2024-04-24,Entregue
206,D0206,Standard,11.8,2024-03-07,2024-03-05,Entregue
207,D0207,Scheduled,21.09,2024-10-20,2024-10-21,Entregue
208,D0208,Standard,16.88,2024-06-05,2024-06-05,Entregue
209,D0209,Same-Day,46.38,2024-02-07,2024-02-07,Entregue
210,D0210,Same-Day,52.82,2024-08-12,2024-08-12,Entregue
211,D0211,Same-Day,57.38,2024-04-13,2024-04-14,Entregue
212,D0212,Standard,14.96,2024-07-15,2024-07-13,Entregue
213,D0213,Standard,30.66,2024-10-14,2024-10-15,Entregue
214,D0214,Same-Day,15.36,2024-09-15,2024-09-13,Entregue
215,D0215,Scheduled,16.13,2024-03-04,2024-03-05,Entregue
216,D0216,Scheduled,77.02,2024-09-06,2024-09-05,Entregue
217,D0217,Scheduled,46.07,2024-05-09,2024-05-09,Entregue
218,D0218,Scheduled,63.77,2024-02-27,2024-02-27,Entregue
219,D0219,Same-Day,36.18,2024-07-26,2024-07-25,Entregue
220,D0220,Scheduled,25.63,2024-04-18,2024-04-16,Entregue
221,D0221,Standard,27.69,2024-01-29,2024-01-28,Entregue
222,D0222,Standard,36.98,2024-05-03,2024-05-01,Entregue
223,D0223,Same-Day,20.89,2024-04-03,2024-04-01,Entregue
224,D0224,Standard,32.32,2024-08-14,2024-08-15,Entregue
225,D0225,Same-Day,37.97,2024-04-22,2024-04-22,Entregue
226,D0226,Standard,24.62,2024-10-22,2024-10-22,Entregue
227,D0227,Same-Day,14.35,2024-01-22,2024-01-25,Entregue
228,D0228,Same-Day,34.14,2024-08-22,2024-08-22,Entregue
229,D0229,Scheduled,31.36,2024-09-17,2024-09-18,Entregue
230,D0230,Scheduled,68.45,2024-08-21,2024-08-19,Entregue
231,D0231,Same-Day,19.28,2024-02-29,2024-02-29,Entregue
232,D0232,Same-Day,55.67,2024-09-28,2024-09-28,Entregue
233,D0233,Standard,49.94,2024-06-30,2024-06-30,Entregue
234,D0234,Standard,14.17,2024-01-01,2024-01-01,Entregue
235,D0235,Same-Day,42.12,2024-09-13,2024-09-14,Entregue
236,D0236,Same-Day,52.38,2024-09-02,2024-08-31,Entregue
237,D0237,Same-Day,29.18,2024-06-12,2024-06-12,Entregue
238,D0238,Standard,53.99,2024-10-30,2024-10-28,Entregue
239,D0239,Scheduled,81.25,2024-01-29,2024-01-29,Entregue
240,D0240,Scheduled,87.67,2024-06-30,2024-07-03,Entregue
241,D0241,Scheduled,42.87,2024-02-20,2024-02-21,Entregue
242,D0242,Same-Day,55.01,2024-10-16,2024-10-16,Entregue
243,D0243,Scheduled,60.65,2024-06-22,2024-06-21,Entregue
244,D0244,Same-Day,49.05,2024-02-28,2024-03-01,Entregue
245,D0245,Same-Day,31.16,2024-11-23,2024-11-24,Entregue
246,D0246,Standard,18.21,2024-04-04,2024-04-03,Entregue
247,D0247,Same-Day,20.62,2024-09-26,2024-09-26,Entregue
248,D0248,Scheduled,70.93,2024-05-07,2024-05-07,Entregue
249,D0249,Standard,55.73,2024-04-19,2024-04-19,Entregue
250,D0250,Standard,32.1,2024-07-02,2024-07-02,Entregue
251,D0251,Standard,55.97,2024-02-04,2024-02-04,Entregue
252,D0252,Scheduled,52.17,2024-01-18,2024-01-18,Entregue
253,D0253,Same-Day,46.93,2024-08-20,2024-08-23,Entregue
254,D0254,Scheduled,47.58,2024-04-16,2024-04-16,Entregue
255,D0255,Standard,32.35,2024-09-30,2024-10-01,Entregue
256,D0256,Scheduled,67.14,2024-07-28,2024-07-28,Entregue
257,D0257,Scheduled,51.05,2024-05-19,2024-05-19,Entregue
258,D0258,Same-Day,33.29,2024-07-24,2024-07-24,Entregue
259,D0259,Scheduled,25.64,2024-04-03,2024-04-03,Entregue
260,D0260,Same-Day,44.56,2024-02-10,2024-02-12,Entregue
261,D0261,Standard,31.81,2024-05-30,2024-05-30,Entregue
262,D0262,Same-Day,53.85,2024-11-08,2024-11-06,Entregue
263,D0263,Scheduled,85.15,2024-08-30,2024-08-30,Entregue
264,D0264,Scheduled,79.63,2024-08-30,2024-09-02,Entregue
265,D0265,Scheduled,18.68,2024-09-13,2024-09-11,Entregue
266,D0266,Standard,36.72,2024-04-02,2024-04-04,Entregue
267,D0267,Same-Day,35.01,2024-08-06,2024-08-07,Entregue
268,D0268,Standard,19.56,2024-02-09,2024-02-12,Entregue
269,D0269,Standard,21.86,2024-11-19,2024-11-22,Entregue
270,D0270,Scheduled,18.94,2024-02-19,2024-02-17,Entregue
271,D0271,Same-Day,53.88,2024-09-13,2024-09-15,Entregue
272,D0272,Same-Day,24.1,2024-07-05,2024-07-03,Entregue
273,D0273,Standard,28.55,2024-07-26,2024-07-27,Entregue
274,D0274,Same-Day,22.35,2024-01-26,2024-01-28,Entregue
275,D0275,Standard,45.61,2024-01-29,2024-01-31,Entregue
276,D0276,Scheduled,87.54,2024-06-25,2024-06-24,Entregue
277,D0277,Same-Day,13.6,2024-01-30,2024-02-01,Entregue
278,D0278,Scheduled,66.08,2024-01-26,2024-01-29,Entregue
279,D0279,Same-Day,20.75,2024-02-09,2024-02-11,Entregue
280,D0280,Standard,33.77,2024-08-13,2024-08-16,Entregue
281,D0281,Scheduled,20.89,2024-09-29,2024-09-27,Entregue
282,D0282,Same-Day,21.25,2024-09-27,2024-09-26,Entregue
283,D0283,Same-Day,31.43,2024-05-02,2024-05-05,Entregue
284,D0284,Standard,29.66,2024-11-01,2024-11-01,Entregue
285,D0285,Scheduled,46.15,2024-07-23,2024-07-21,Entregue
286,D0286,Scheduled,79.11,2024-06-06,2024-06-07,Entregue
287,D0287,Scheduled,60.03,2024-02-23,2024-02-23,Entregue
288,D0288,Standard,27.85,2024-02-09,2024-02-07,Entregue
289,D0289,Same-Day,54.33,2024-11-22,2024-11-22,Entregue
290,D0290,Same-Day,38.63,2024-08-04,2024-08-03,Entregue
291,D0291,Same-Day,42.3,2024-01-18,2024-01-21,Entregue
292,D0292,Standard,36.38,2024-10-07,2024-10-06,Entregue
293,D0293,Same-Day,54.78,2024-11-01,2024-10-30,Entregue
294,D0294,Standard,40.92,2024-03-13,2024-03-14,Entregue
295,D0295,Scheduled,55.92,2024-03-30,2024-03-31,Entregue
296,D0296,Scheduled,53.3,2024-08-06,2024-08-04,Entregue
297,D0297,Scheduled,72.87,2024-07-16,2024-07-16,Entregue
298,D0298,Scheduled,60.17,2024-10-07,2024-10-10,Entregue
299,D0299,Standard,49.59,2024-08-21,2024-08-24,Entregue
300,D0300,Scheduled,62.96,2024-01-11,2024-01-12,Entregue
301,D0301,Standard,33.28,2024-11-04,2024-11-04,Entregue
302,D0302,Standard,31.03,2024-08-12,2024-08-12,Entregue
303,D0303,Scheduled,41.9,2024-11-04,2024-11-03,Entregue
304,D0304,Standard,29.81,2024-07-18,2024-07-19,Entregue
305,D0305,Standard,52.15,2024-11-08,2024-11-08,Entregue
306,D0306,Standard,34.22,2024-07-14,2024-07-17,Entregue
307,D0307,Standard,45.49,2024-07-17,2024-07-17,Entregue
308,D0308,Same-Day,38.93,2024-05-05,2024-05-05,Entregue
309,D0309,Same-Day,36.72,2024-09-04,2024-09-03,Entregue
310,D0310,Standard,38.32,2024-05-20,2024-05-21,Entregue
311,D0311,Scheduled,60.4,2024-09-17,2024-09-16,Entregue
312,D0312,Scheduled,15.15,2024-04-22,2024-04-22,Entregue
313,D0313,Scheduled,63.58,2024-01-21,2024-01-22,Entregue
314,D0314,Standard,48.01,2024-10-16,2024-10-19,Entregue
315,D0315,Standard,40.01,2024-03-28,2024-03-26,Entregue
316,D0316,Scheduled,67.8,2024-03-09,2024-03-09,Entregue
317,D0317,Same-Day,41.06,2024-03-26,2024-03-26,Entregue
318,D0318,Standard,39.16,2024-01-26,2024-01-29,Entregue
319,D0319,Standard,25.17,2024-08-17,2024-08-16,Entregue
320,D0320,Standard,54.35,2024-08-12,2024-08-15,Entregue
321,D0321,Same-Day,14.06,2024-11-05,2024-11-05,Entregue
322,D0322,Same-Day,59.72,2024-01-05,2024-01-05,Entregue
323,D0323,Same-Day,19.73,2024-03-14,2024-03-12,Entregue
324,D0324,Same-Day,49.05,2024-08-23,2024-08-21,Entregue
325,D0325,Same-Day,14.96,2024-06-12,2024-06-14,Entregue
326,D0326,Standard,17.6,2024-05-22,2024-05-22,Entregue
327,D0327,Scheduled,17.34,2024-10-02,2024-10-02,Entregue
328,D0328,Same-Day,49.05,2024-09-28,2024-09-28,Entregue
329,D0329,Standard,33.96,2024-06-08,2024-06-11,Entregue
330,D0330,Same-Day,39.48,2024-03-15,2024-03-15,Entregue
331,D0331,Same-Day,17.33,2024-07-13,2024-07-15,Entregue
332,D0332,Standard,12.55,2024-03-08,2024-03-08,Entregue
333,D0333,Standard,41.11,2024-09-15,2024-09-14,Entregue
334,D0334,Standard,28.23,2024-01-22,2024-01-23,Entregue
335,D0335,Same-Day,24.82,2024-07-19,2024-07-17,Entregue
336,D0336,Scheduled,69.35,2024-07-13,2024-07-16,Entregue
337,D0337,Same-Day,44.9,2024-09-13,2024-09-16,Entregue
338,D0338,Same-Day,40.66,2024-08-25,2024-08-27,Entregue
339,D0339,Scheduled,69.65,2024-01-27,2024-01-27,Entregue
340,D0340,Same-Day,13.1,2024-01-13,2024-01-16,Entregue
341,D0341,Scheduled,16.23,2024-03-29,2024-03-29,Entregue
342,D0342,Same-Day,49.01,2024-10-05,2024-10-05,Entregue
343,D0343,Scheduled,18.36,2024-08-19,2024-08-19,Entregue
344,D0344,Standard,22.52,2024-08-14,2024-08-12,Entregue
345,D0345,Same-Day,16.39,2024-08-26,2024-08-28,Entregue
346,D0346,Same-Day,54.8,2024-06-26,2024-06-27,Entregue
347,D0347,Same-Day,32.83,2024-07-03,2024-07-02,Entregue
348,D0348,Same-Day,39.03,2024-07-04,2024-07-06,Entregue
349,D0349,Same-Day,11.18,2024-01-23,2024-01-23,Entregue
350,D0350,Standard,11.91,2024-03-22,2024-03-23,Entregue
351,D0351,Scheduled,47.65,2024-06-18,2024-06-18,Entregue
352,D0352,Same-Day,33.42,2024-08-28,2024-08-31,Entregue
353,D0353,Scheduled,30.44,2024-05-08,2024-05-06,Entregue
354,D0354,Same-Day,58.01,2024-07-07,2024-07-05,Entregue
355,D0355,Scheduled,25.91,2024-02-14,2024-02-16,Entregue
356,D0356,Scheduled,24.82,2024-04-19,2024-04-21,Entregue
357,D0357,Scheduled,18.3,2024-01-02,2023-12-31,Entregue
358,D0358,Scheduled,61.08,2024-03-05,2024-03-04,Entregue
359,D0359,Scheduled,62.64,2024-09-05,2024-09-08,Entregue
360,D0360,Scheduled,67.27,2024-02-20,2024-02-22,Entregue
361,D0361,Scheduled,44.44,2024-01-24,2024-01-22,Entregue
362,D0362,Standard,54.79,2024-05-23,2024-05-22,Entregue
363,D0363,Scheduled,20.54,2024-09-09,2024-09-10,Entregue
364,D0364,Same-Day,25.9,2024-02-04,2024-02-04,Entregue
365,D0365,Standard,15.67,2024-10-12,2024-10-12,Entregue
366,D0366,Standard,43.06,2024-07-12,2024-07-12,Entregue
367,D0367,Standard,51.12,2024-07-10,2024-07-11,Entregue
368,D0368,Standard,35.84,2024-10-18,2024-10-17,Entregue
369,D0369,Scheduled,79.93,2024-02-06,2024-02-09,Entregue
370,D0370,Standard,12.06,2024-09-08,2024-09-08,Entregue
371,D0371,Standard,31.81,2024-11-07,2024-11-05,Entregue
372,D0372,Same-Day,18.42,2024-01-14,2024-01-14,Entregue
373,D0373,Standard,52.6,2024-05-16,2024-05-16,Entregue
374,D0374,Same-Day,39.46,2024-11-02,2024-11-04,Entregue
375,D0375,Scheduled,73.59,2024-05-15,2024-05-18,Entregue
376,D0376,Scheduled,62.7,2024-08-12,2024-08-12,Entregue
377,D0377,Scheduled,87.28,2024-02-29,2024-03-03,Entregue
378,D0378,Same-Day,44.02,2024-08-22,2024-08-22,Entregue
379,D0379,Same-Day,48.9,2024-10-15,2024-10-14,Entregue
380,D0380,Same-Day,40.63,2024-05-24,2024-05-24,Entregue
381,D0381,Scheduled,66.47,2024-11-09,2024-11-09,Entregue
382,D0382,Standard,34.99,2024-05-01,2024-05-01,Entregue
383,D0383,Standard,37.75,2024-04-27,2024-04-29,Entregue
384,D0384,Standard,37.4,2024-11-24,2024-11-27,Entregue
385,D0385,Standard,42.58,2024-02-10,2024-02-12,Entregue
386,D0386,Standard,26.54,2024-06-28,2024-06-28,Entregue
387,D0387,Same-Day,50.94,2024-09-01,2024-09-01,Entregue
388,D0388,Standard,19.65,2024-01-04,2024-01-04,Entregue
389,D0389,Standard,31.62,2024-07-01,2024-06-30,Entregue
390,D0390,Standard,23.97,2024-04-24,2024-04-24,Entregue
391,D0391,Scheduled,64.4,2024-02-27,2024-02-27,Entregue
392,D0392,Standard,31.81,2024-03-24,2024-03-26,Entregue
393,D0393,Scheduled,82.56,2024-11-04,2024-11-04,Entregue
394,D0394,Same-Day,14.91,2024-11-21,2024-11-19,Entregue
395,D0395,Scheduled,27.01,2024-09-12,2024-09-12,Entregue
396,D0396,Standard,45.29,2024-01-24,2024-01-26,Entregue
397,D0397,Same-Day,19.6,2024-10-08,2024-10-10,Entregue
398,D0398,Same-Day,21.53,2024-09-03,2024-09-01,Entregue
399,D0399,Scheduled,79.62,2024-11-14,2024-11-14,Entregue
400,D0400,Standard,32.77,2024-07-17,2024-07-17,Entregue
401,D0401,Same-Day,49.29,2024-08-15,2024-08-16,Entregue
402,D0402,Standard,57.86,2024-11-24,2024-11-24,Entregue
403,D0403,Standard,46.76,2024-03-01,2024-03-03,Entregue
404,D0404,Scheduled,19.29,2024-04-02,2024-04-02,Entregue
405,D0405,Standard,37.39,2024-09-02,2024-09-04,Entregue
406,D0406,Same-Day,51.64,2024-02-28,2024-02-29,Entregue
407,D0407,Standard,32.85,2024-09-02,2024-09-02,Entregue
408,D0408,Same-Day,25.19,2024-02-12,2024-02-15,Entregue
409,D0409,Standard,31.2,2024-09-22,2024-09-22,Entregue
410,D0410,Same-Day,31.23,2024-02-13,2024-02-15,Entregue
411,D0411,Same-Day,18.92,2024-03-03,2024-03-03,Entregue
412,D0412,Same-Day,33.02,2024-08-01,2024-08-01,Entregue
413,D0413,Standard,53.07,2024-09-29,2024-09-29,Entregue
414,D0414,Standard,50.5,2024-04-28,2024-04-27,Entregue
415,D0415,Standard,51.14,2024-10-14,2024-10-15,Entregue
416,D0416,Standard,37.94,2024-02-22,2024-02-23,Entregue
417,D0417,Standard,42.36,2024-10-18,2024-10-18,Entregue
418,D0418,Standard,46.66,2024-01-10,2024-01-08,Entregue
419,D0419,Standard,14.76,2024-01-08,2024-01-10,Entregue
420,D0420,Same-Day,23.04,2024-09-07,2024-09-09,Entregue
421,D0421,Same-Day,21.94,2024-02-20,2024-02-20,Entregue
422,D0422,Same-Day,50.12,2024-10-12,2024-10-10,Entregue
423,D0423,Scheduled,68.02,2024-02-14,2024-02-17,Entregue
424,D0424,Same-Day,25.62,2024-11-21,2024-11-20,Entregue
425,D0425,Scheduled,43.62,2024-11-22,2024-11-23,Entregue
426,D0426,Same-Day,54.1,2024-06-21,2024-06-21,Entregue
427,D0427,Same-Day,19.4,2024-10-29,2024-10-30,Entregue
428,D0428,Standard,38.17,2024-01-07,2024-01-05,Entregue
429,D0429,Scheduled,68.35,2024-07-28,2024-07-31,Entregue
430,D0430,Standard,39.42,2024-03-02,2024-03-05,Entregue
431,D0431,Scheduled,76.41,2024-05-20,2024-05-23,Entregue
432,D0432,Scheduled,19.92,2024-10-01,2024-10-01,Entregue
433,D0433,Scheduled,35.22,2024-08-15,2024-08-16,Entregue
434,D0434,Standard,46.71,2024-03-28,2024-03-27,Entregue
435,D0435,Scheduled,57.75,2024-02-15,2024-02-16,Entregue
436,D0436,Same-Day,41.83,2024-03-12,2024-03-12,Entregue
437,D0437,Same-Day,23.84,2024-06-08,2024-06-08,Entregue
438,D0438,Same-Day,25.11,2024-04-29,2024-05-01,Entregue
439,D0439,Standard,47.27,2024-08-03,2024-08-03,Entregue
440,D0440,Standard,46.29,2024-05-23,2024-05-26,Entregue
441,D0441,Scheduled,20.53,2024-02-29,2024-02-29,Entregue
442,D0442,Standard,31.66,2024-08-24,2024-08-23,Entregue
443,D0443,Same-Day,18.71,2024-02-19,2024-02-19,Entregue
444,D0444,Same-Day,20.93,2024-01-08,2024-01-08,Entregue
445,D0445,Standard,22.6,2024-01-23,2024-01-23,Entregue
446,D0446,Same-Day,29.88,2024-05-16,2024-05-14,Entregue
447,D0447,Same-Day,22.31,2024-05-13,2024-05-16,Entregue
448,D0448,Standard,33.78,2024-05-01,2024-04-29,Entregue
449,D0449,Same-Day,20.83,2024-04-21,2024-04-21,Entregue
450,D0450,Standard,58.75,2024-10-15,2024-10-18,Entregue
451,D0451,Scheduled,65.45,2024-05-26,2024-05-28,Entregue
452,D0452,Scheduled,23.54,2024-01-15,2024-01-15,Entregue
453,D0453,Standard,45.12,2024-06-29,2024-07-01,Entregue
454,D0454,Standard,51.63,2024-01-25,2024-01-23,Entregue
455,D0455,Scheduled,31.94,2024-04-19,2024-04-17,Entregue
456,D0456,Standard,38.38,2024-03-27,2024-03-28,Entregue
457,D0457,Scheduled,43.64,2024-06-24,2024-06-25,Entregue
458,D0458,Same-Day,23.77,2024-04-01,2024-04-01,Entregue
459,D0459,Scheduled,32.24,2024-07-17,2024-07-20,Entregue
460,D0460,Scheduled,44.98,2024-11-08,2024-11-09,Entregue
461,D0461,Scheduled,88.5,2024-03-27,2024-03-30,Entregue
462,D0462,Standard,42.65,2024-08-24,2024-08-24,Entregue
463,D0463,Scheduled,21.75,2024-02-06,2024-02-05,Entregue
464,D0464,Same-Day,50.53,2024-02-02,2024-02-03,Entregue
465,D0465,Scheduled,25.15,2024-09-09,2024-09-09,Entregue
466,D0466,Standard,59.5,2024-06-06,2024-06-07,Entregue
467,D0467,Same-Day,28.06,2024-01-01,2024-01-01,Entregue
468,D0468,Scheduled,81.84,2024-08-21,2024-08-21,Entregue
469,D0469,Scheduled,65.95,2024-09-17,2024-09-17,Entregue
470,D0470,Same-Day,26.29,2024-09-06,2024-09-07,Entregue
471,D0471,Scheduled,34.4,2024-06-26,2024-06-26,Entregue
472,D0472,Scheduled,21.69,2024-05-06,2024-05-05,Entregue
473,D0473,Scheduled,49.97,2024-01-30,2024-01-29,Entregue
474,D0474,Same-Day,10.45,2024-10-24,2024-10-23,Entregue
475,D0475,Standard,17.33,2024-10-23,2024-10-23,Entregue
476,D0476,Scheduled,20.61,2024-08-12,2024-08-12,Entregue
477,D0477,Same-Day,44.25,2024-02-18,2024-02-19,Entregue
478,D0478,Same-Day,24.82,2024-07-30,2024-08-02,Entregue
479,D0479,Standard,57.39,2024-10-27,2024-10-27,Entregue
480,D0480,Scheduled,64.45,2024-06-20,2024-06-20,Entregue
481,D0481,Standard,24.71,2024-08-18,2024-08-17,Entregue
482,D0482,Scheduled,83.75,2024-07-01,2024-06-29,Entregue
483,D0483,Standard,35.16,2024-11-02,2024-11-02,Entregue
484,D0484,Scheduled,71.2,2024-02-14,2024-02-14,Entregue
485,D0485,Scheduled,24.88,2024-10-31,2024-10-31,Entregue
486,D0486,Standard,27.83,2024-10-24,2024-10-26,Entregue
487,D0487,Scheduled,38.05,2024-04-27,2024-04-29,Entregue
488,D0488,Standard,58.53,2024-11-11,2024-11-13,Entregue
489,D0489,Scheduled,62.69,2024-04-17,2024-04-15,Entregue
490,D0490,Same-Day,17.98,2024-11-16,2024-11-19,Entregue
491,D0491,Same-Day,25.33,2024-03-03,2024-03-01,Entregue
492,D0492,Standard,14.59,2024-03-09,2024-03-08,Entregue
493,D0493,Same-Day,47.16,2024-07-02,2024-07-03,Entregue
494,D0494,Scheduled,20.57,2024-05-08,2024-05-07,Entregue
495,D0495,Scheduled,88.99,2024-10-04,2024-10-03,Entregue
496,D0496,Same-Day,29.79,2024-02-25,2024-02-23,Entregue
497,D0497,Scheduled,89.93,2024-05-18,2024-05-21,Entregue
498,D0498,Same-Day,10.36,2024-09-21,2024-09-23,Entregue
499,D0499,Same-Day,53.22,2024-03-16,2024-03-17,Entregue
500,D0500,Scheduled,25.43,2024-03-20,2024-03-18,Entregue
